Date,Price
2025-04-16,51.0357
2025-04-15,50.9249
2025-04-14,50.9303
2025-04-13,51.1697
2025-04-10,51.2735
2025-04-09,51.6134
2025-04-08,51.1953
2025-04-07,51.3324
2025-04-06,51.0564
2025-04-03,50.5296
2025-03-27,50.5148
2025-03-26,50.4854
2025-03-25,50.5146
2025-03-24,50.5451
2025-03-23,50.5868
2025-03-20,50.4969
2025-03-19,50.5747
2025-03-18,50.4131
2025-03-17,50.4461
2025-03-16,50.524
2025-03-13,50.584
2025-03-12,50.6196
2025-03-11,50.5411
2025-03-10,50.5379
2025-03-09,50.5719
2025-03-06,50.6406
2025-03-05,50.6156
2025-03-04,50.5808
2025-03-03,50.5886
2025-03-02,50.5879
2025-02-27,50.5918
2025-02-26,50.526
2025-02-25,50.5293
2025-02-24,50.5528
2025-02-23,50.505
2025-02-20,50.4985
2025-02-19,50.5389
2025-02-18,50.5899
2025-02-17,50.5438
2025-02-16,50.5597
2025-02-13,50.5802
2025-02-12,50.5602
2025-02-11,50.3944
2025-02-10,50.2237
2025-02-09,50.2078
2025-02-06,50.2308
2025-02-05,50.252
2025-02-04,50.2426
2025-02-03,50.2779
2025-02-02,50.161
2025-01-30,50.1697
2025-01-29,50.1688
2025-01-28,50.1342
2025-01-27,50.1861
2025-01-26,50.1858
2025-01-23,50.2208
2025-01-22,50.2549
2025-01-21,50.2206
2025-01-20,50.2431
2025-01-19,50.2858
2025-01-16,50.3108
2025-01-15,50.3701
2025-01-14,50.3892
2025-01-13,50.4458
2025-01-12,50.5026
2025-01-09,50.5064
2025-01-08,50.5329
2025-01-06,50.5915
2025-01-05,50.63
2025-01-02,50.7033
2024-12-31,50.7707
2024-12-30,50.7737
2024-12-29,50.7865
2024-12-26,50.815
2024-12-25,50.8519
2024-12-24,50.8381
2024-12-23,51.0069
2024-12-22,50.8572
2024-12-19,50.8523
2024-12-18,50.8105
2024-12-17,50.7254
2024-12-16,50.7501
2024-12-15,50.7296
2024-12-12,50.7736
2024-12-11,50.5863
2024-12-10,50.3925
2024-12-09,50.4461
2024-12-08,50.1742
2024-12-05,49.9352
2024-12-04,49.7692
2024-12-03,49.6723
2024-12-02,49.6482
2024-12-01,49.5235
2024-11-28,49.5278
2024-11-27,49.6025
2024-11-26,49.5276
2024-11-25,49.5518
2024-11-24,49.5953
2024-11-21,49.6061
2024-11-20,49.6694
2024-11-19,49.4647
2024-11-18,49.3656
2024-11-17,49.309
2024-11-14,49.3109
2024-11-13,49.2509
2024-11-12,49.1508
2024-11-11,49.1472
2024-11-10,49.1783
2024-11-07,49.2353
2024-11-06,49.1672
2024-11-05,49.0758
2024-11-04,49.0228
2024-11-03,48.9364
2024-10-31,48.8908
2024-10-30,48.7056
2024-10-29,48.6417
2024-10-28,48.6267
2024-10-27,48.6717
2024-10-24,48.7263
2024-10-23,48.6694
2024-10-22,48.6294
2024-10-21,48.5931
2024-10-20,48.5403
2024-10-17,48.5692
2024-10-16,48.5444
2024-10-15,48.4781
2024-10-14,48.546
2024-10-13,48.4992
2024-10-10,48.504
2024-10-09,48.443
2024-10-08,48.5081
2024-10-07,48.3586
2024-10-03,48.2724
2024-10-02,48.3015
2024-10-01,48.1738
2024-09-30,48.2271
2024-09-29,48.3428
2024-09-26,48.2861
2024-09-25,48.4861
2024-09-24,48.6229
2024-09-23,48.6025
2024-09-22,48.5098
2024-09-19,48.4512
2024-09-18,48.4889
2024-09-17,48.3541
2024-09-16,48.3606
2024-09-12,48.3668
2024-09-11,48.3132
2024-09-10,48.2851
2024-09-09,48.2895
2024-09-08,48.3295
2024-09-05,48.374
2024-09-04,48.4272
2024-09-03,48.4317
2024-09-02,48.464
2024-09-01,48.4985
2024-08-29,48.5532
2024-08-28,48.5885
2024-08-27,48.6372
2024-08-26,48.676
2024-08-25,48.7219
2024-08-22,48.7283
2024-08-21,48.7303
2024-08-20,48.807
2024-08-19,48.7159
2024-08-18,48.744
2024-08-15,48.8351
2024-08-14,49.0346
2024-08-13,49.3052
2024-08-12,49.2381
2024-08-11,49.1651
2024-08-08,49.2106
2024-08-07,49.1603
2024-08-06,49.1495
2024-08-05,49.1861
2024-08-04,48.7207
2024-08-01,48.6239
2024-07-31,48.5081
2024-07-30,48.3338
2024-07-29,48.2626
2024-07-28,48.2736
2024-07-24,48.289
2024-07-23,48.298
2024-07-22,48.3713
2024-07-21,48.3164
2024-07-18,48.1836
2024-07-17,48.1576
2024-07-16,47.9669
2024-07-15,47.9004
2024-07-14,47.8789
2024-07-10,47.946
2024-07-09,48.0209
2024-07-08,47.8677
2024-07-07,47.8882
2024-07-04,47.9487
2024-07-03,48.0887
2024-07-02,48.1062
2024-07-01,48.2066
2024-06-27,47.9606
2024-06-26,47.9969
2024-06-25,48.3109
2024-06-24,48.25
2024-06-23,48.0771
2024-06-13,47.6391
2024-06-12,47.6438
2024-06-11,47.4854
2024-06-10,47.6471
2024-06-09,47.5229
2024-06-06,47.4527
2024-06-05,47.5594
2024-06-04,47.3717
2024-06-03,47.0711
2024-06-02,47.2644
2024-05-30,47.2136
2024-05-29,47.2509
2024-05-28,47.4502
2024-05-27,47.1097
2024-05-26,46.8815
2024-05-23,47.058
2024-05-22,46.7429
2024-05-21,46.5776
2024-05-20,46.5566
2024-05-19,46.7901
2024-05-16,46.8342
2024-05-15,46.7854
2024-05-14,46.798
2024-05-13,46.9894
2024-05-12,47.2126
2024-05-09,47.2716
2024-05-08,47.4828
2024-05-07,47.6493
2024-05-02,47.8874
2024-05-01,47.8047
2024-04-30,47.786
2024-04-29,47.8529
2024-04-28,47.67
2024-04-24,47.8317
2024-04-23,47.9935
2024-04-22,48.0876
2024-04-21,48.3169
2024-04-18,48.2683
2024-04-17,48.444
2024-04-16,48.4836
2024-04-15,48.2921
2024-04-08,47.5234
2024-04-07,47.486
2024-04-04,47.3129
2024-04-03,47.328
2024-04-02,47.0961
2024-04-01,47.1241
2024-03-31,47.1469
2024-03-28,47.3289
2024-03-27,47.2091
2024-03-26,47.718
2024-03-25,47.3489
2024-03-24,46.4947
2024-03-21,46.6079
2024-03-20,46.8872
2024-03-19,47.0103
2024-03-18,47.094
2024-03-17,47.1877
2024-03-14,47.7674
2024-03-13,48.3529
2024-03-12,48.7189
2024-03-11,48.9729
2024-03-10,49.0891
2024-03-07,49.3347
2024-03-06,49.432
2024-03-05,30.8323
2024-03-04,30.8408
2024-03-03,30.83
2024-02-29,30.83
2024-02-28,30.83
2024-02-27,30.83
2024-02-26,30.8286
2024-02-25,30.8286
2024-02-22,30.8272
2024-02-21,30.8272
2024-02-20,30.8272
2024-02-19,30.8272
2024-02-18,30.8272
2024-02-15,30.8272
2024-02-14,30.8272
2024-02-13,30.8272
2024-02-12,30.8272
2024-02-11,30.8272
2024-02-08,30.8272
2024-02-07,30.8272
2024-02-06,30.8272
2024-02-05,30.8272
2024-02-04,30.8272
2024-02-01,30.8272
2024-01-31,30.8272
2024-01-30,30.8272
2024-01-29,30.8272
2024-01-28,30.8272
2024-01-24,30.8272
2024-01-23,30.8272
2024-01-22,30.83
2024-01-21,30.8272
2024-01-18,30.8272
2024-01-17,30.8272
2024-01-16,30.8272
2024-01-15,30.8272
2024-01-14,30.8272
2024-01-11,30.8272
2024-01-10,30.8272
2024-01-09,30.8272
2024-01-08,30.8272
2024-01-04,30.8272
2024-01-03,30.8249
2024-01-02,30.8249
2023-12-31,30.8277
2023-12-28,30.8277
2023-12-27,30.8277
2023-12-26,30.8277
2023-12-25,30.8277
2023-12-24,30.8249
2023-12-21,30.8277
2023-12-20,30.8277
2023-12-19,30.8249
2023-12-18,30.8277
2023-12-17,30.8277
2023-12-14,30.8306
2023-12-13,30.8277
2023-12-12,30.8277
2023-12-11,30.8277
2023-12-10,30.8277
2023-12-07,30.8277
2023-12-06,30.8277
2023-12-05,30.8249
2023-12-04,30.8249
2023-12-03,30.8277
2023-11-30,30.8306
2023-11-29,30.8306
2023-11-28,30.8306
2023-11-27,30.8306
2023-11-26,30.8306
2023-11-23,30.8306
2023-11-22,30.8306
2023-11-21,30.8306
2023-11-20,30.8306
2023-11-19,30.8306
2023-11-16,30.8306
2023-11-15,30.8306
2023-11-14,30.8306
2023-11-13,30.8306
2023-11-12,30.8306
2023-11-09,30.8306
2023-11-08,30.8277
2023-11-07,30.8306
2023-11-06,30.8306
2023-11-05,30.8277
2023-11-02,30.8277
2023-11-01,30.8306
2023-10-31,30.8277
2023-10-30,30.8277
2023-10-29,30.8277
2023-10-26,30.8277
2023-10-25,30.8277
2023-10-24,30.8277
2023-10-23,30.8277
2023-10-22,30.8277
2023-10-19,30.8277
2023-10-18,30.8277
2023-10-17,30.8277
2023-10-16,30.8277
2023-10-15,30.8306
2023-10-12,30.8303
2023-10-11,30.8274
2023-10-10,30.8274
2023-10-09,30.8274
2023-10-08,30.8283
2023-10-04,30.8312
2023-10-03,30.8283
2023-10-02,30.8283
2023-10-01,30.8283
2023-09-27,30.8283
2023-09-26,30.8283
2023-09-25,30.8312
2023-09-24,30.8285
2023-09-21,30.8285
2023-09-20,30.8285
2023-09-19,30.8285
2023-09-18,30.8285
2023-09-17,30.8285
2023-09-14,30.8285
2023-09-13,30.8314
2023-09-12,30.8314
2023-09-11,30.8285
2023-09-10,30.8285
2023-09-07,30.8288
2023-09-06,30.8288
2023-09-05,30.8296
2023-09-04,30.8296
2023-09-03,30.8296
2023-08-31,30.8296
2023-08-30,30.8296
2023-08-29,30.8296
2023-08-28,30.8325
2023-08-27,30.8326
2023-08-24,30.8325
2023-08-23,30.8326
2023-08-22,30.8298
2023-08-21,30.8298
2023-08-20,30.8298
2023-08-17,30.8298
2023-08-16,30.8298
2023-08-15,30.8298
2023-08-14,30.8298
2023-08-13,30.8298
2023-08-10,30.8289
2023-08-09,30.8319
2023-08-08,30.8318
2023-08-07,30.8326
2023-08-06,30.8326
2023-08-03,30.8355
2023-08-02,30.8328
2023-08-01,30.8328
2023-07-31,30.8328
2023-07-30,30.8328
2023-07-27,30.8356
2023-07-26,30.8414
2023-07-25,30.8357
2023-07-24,30.8357
2023-07-19,30.8356
2023-07-18,30.8385
2023-07-17,30.8356
2023-07-16,30.8328
2023-07-13,30.8348
2023-07-12,30.8356
2023-07-11,30.8357
2023-07-10,30.8386
2023-07-09,30.8389
2023-07-06,30.8358
2023-07-05,30.8386
2023-07-04,30.8415
2023-06-26,30.8352
2023-06-25,30.8323
2023-06-22,30.8386
2023-06-21,30.8386
2023-06-20,30.8386
2023-06-19,30.8358
2023-06-18,30.8358
2023-06-15,30.8349
2023-06-14,30.8349
2023-06-13,30.8358
2023-06-12,30.8358
2023-06-11,30.8358
2023-06-08,30.8387
2023-06-07,30.8387
2023-06-06,30.8379
2023-06-05,30.8388
2023-06-04,30.836
2023-06-01,30.8408
2023-05-31,30.838
2023-05-30,30.838
2023-05-29,30.8329
2023-05-28,30.8378
2023-05-25,30.8315
2023-05-24,30.8289
2023-05-23,30.8289
2023-05-22,30.8318
2023-05-21,30.8375
2023-05-18,30.8318
2023-05-17,30.8375
2023-05-16,30.8375
2023-05-15,30.8375
2023-05-14,30.8375
2023-05-11,30.8432
2023-05-10,30.8375
2023-05-09,30.8403
2023-05-08,30.8346
2023-05-07,30.8375
2023-05-03,30.8346
2023-05-02,30.8361
2023-05-01,30.8389
2023-04-30,30.8374
2023-04-27,30.8346
2023-04-26,30.8318
2023-04-19,30.8312
2023-04-18,30.8375
2023-04-13,30.8343
2023-04-12,30.8343
2023-04-11,30.8348
2023-04-10,30.8346
2023-04-09,30.8346
2023-04-06,30.8346
2023-04-05,30.8318
2023-04-04,30.8352
2023-04-03,30.8381
2023-04-02,30.838
2023-03-30,30.8408
2023-03-29,30.838
2023-03-28,30.8381
2023-03-27,30.8409
2023-03-26,30.838
2023-03-23,30.8379
2023-03-22,30.8458
2023-03-21,30.8434
2023-03-20,30.8434
2023-03-19,30.8406
2023-03-16,30.8458
2023-03-15,30.8446
2023-03-14,30.8429
2023-03-13,30.8423
2023-03-12,30.8434
2023-03-09,30.842
2023-03-08,30.8268
2023-03-07,30.7765
2023-03-06,30.7285
2023-03-05,30.6694
2023-03-02,30.6698
2023-03-01,30.5794
2023-02-28,30.5765
2023-02-27,30.5788
2023-02-26,30.5788
2023-02-23,30.5788
2023-02-22,30.578
2023-02-21,30.5479
2023-02-20,30.5346
2023-02-19,30.5265
2023-02-16,30.527
2023-02-15,30.5237
2023-02-14,30.5222
2023-02-13,30.4852
2023-02-12,30.482
2023-02-09,30.456
2023-02-08,30.3276
2023-02-07,30.2588
2023-02-06,30.2559
2023-02-05,30.2356
2023-02-02,30.2408
2023-02-01,30.1611
2023-01-31,30.145
2023-01-30,29.9271
2023-01-29,29.851
2023-01-25,29.8585
2023-01-24,29.8558
2023-01-23,29.8332
2023-01-22,29.8046
2023-01-19,29.7799
2023-01-18,29.5778
2023-01-17,29.4789
2023-01-16,29.5568
2023-01-15,29.5627
2023-01-12,29.5053
2023-01-11,29.6333
2023-01-10,27.6278
2023-01-09,27.5538
2023-01-05,27.0112
2023-01-04,26.3633
2023-01-03,24.7279
2023-01-02,24.7023
2022-12-29,24.7018
2022-12-28,24.707
2022-12-27,24.6879
2022-12-26,24.6835
2022-12-25,24.6826
2022-12-22,24.6865
2022-12-21,24.681
2022-12-20,24.6846
2022-12-19,24.6865
2022-12-18,24.6579
2022-12-15,24.6571
2022-12-14,24.6518
2022-12-13,24.6178
2022-12-12,24.6181
2022-12-11,24.5873
2022-12-08,24.5862
2022-12-07,24.5759
2022-12-06,24.5805
2022-12-05,24.5507
2022-12-04,24.5498
2022-12-01,24.5451
2022-11-30,24.5348
2022-11-29,24.5376
2022-11-28,24.5367
2022-11-27,24.5107
2022-11-24,24.5204
2022-11-23,24.5091
2022-11-22,24.4947
2022-11-21,24.4805
2022-11-20,24.4618
2022-11-17,24.453
2022-11-16,24.4355
2022-11-15,24.4129
2022-11-14,24.3919
2022-11-13,24.3813
2022-11-10,24.3737
2022-11-09,24.356
2022-11-08,24.3409
2022-11-07,24.2758
2022-11-06,24.2261
2022-11-03,24.2097
2022-11-02,24.1365
2022-11-01,24.1142
2022-10-31,24.0578
2022-10-30,23.9972
2022-10-27,22.8573
2022-10-26,19.6595
2022-10-25,19.6409
2022-10-24,19.6221
2022-10-23,19.6232
2022-10-20,19.6217
2022-10-19,19.6221
2022-10-18,19.6217
2022-10-17,19.6218
2022-10-16,19.6192
2022-10-13,19.6203
2022-10-12,19.6202
2022-10-11,19.6186
2022-10-10,19.6
2022-10-09,19.6
2022-10-05,19.6001
2022-10-04,19.6
2022-10-03,19.5746
2022-10-02,19.4972
2022-09-29,19.497
2022-09-28,19.4668
2022-09-27,19.4478
2022-09-26,19.4468
2022-09-25,19.4273
2022-09-22,19.4276
2022-09-21,19.43
2022-09-20,19.3806
2022-09-19,19.3597
2022-09-18,19.3618
2022-09-15,19.3588
2022-09-14,19.3273
2022-09-13,19.3009
2022-09-12,19.3019
2022-09-11,19.2802
2022-09-08,19.2507
2022-09-07,19.2105
2022-09-06,19.1817
2022-09-05,19.1683
2022-09-04,19.1664
2022-09-01,19.1672
2022-08-31,19.1678
2022-08-30,19.1663
2022-08-29,19.1464
2022-08-28,19.13
2022-08-25,19.1309
2022-08-24,19.1231
2022-08-23,19.1145
2022-08-22,19.0943
2022-08-21,19.0941
2022-08-18,19.0945
2022-08-17,19.0926
2022-08-16,19.0918
2022-08-15,19.0905
2022-08-14,19.0922
2022-08-11,19.0908
2022-08-10,19.0925
2022-08-09,19.0897
2022-08-08,19.0886
2022-08-07,19.0692
2022-08-04,19.0692
2022-08-03,19.0387
2022-08-02,18.9799
2022-08-01,18.8959
2022-07-31,18.8968
2022-07-28,18.8775
2022-07-27,18.8814
2022-07-26,18.8827
2022-07-25,18.8803
2022-07-24,18.8754
2022-07-21,18.8776
2022-07-20,18.8674
2022-07-19,18.8687
2022-07-18,18.8372
2022-07-17,18.8165
2022-07-07,18.8175
2022-07-06,18.8211
2022-07-05,18.8205
2022-07-04,18.7986
2022-07-03,18.77
2022-06-29,18.7472
2022-06-28,18.7171
2022-06-27,18.6981
2022-06-26,18.6964
2022-06-23,18.6965
2022-06-22,18.6977
2022-06-21,18.6978
2022-06-20,18.7044
2022-06-19,18.7005
2022-06-16,18.7011
2022-06-15,18.7031
2022-06-14,18.6924
2022-06-13,18.6639
2022-06-12,18.6383
2022-06-09,18.6442
2022-06-08,18.6408
2022-06-07,18.6177
2022-06-06,18.5933
2022-06-05,18.5851
2022-06-02,18.5885
2022-06-01,18.5659
2022-05-31,18.5363
2022-05-30,18.5366
2022-05-29,18.5351
2022-05-26,18.5346
2022-05-25,18.5319
2022-05-24,18.4534
2022-05-23,18.3441
2022-05-22,18.2159
2022-05-19,18.2139
2022-05-18,18.2155
2022-05-17,18.2082
2022-05-16,18.2189
2022-05-15,18.2364
2022-05-12,18.2592
2022-05-11,18.3127
2022-05-10,18.44
2022-05-09,18.4335
2022-05-08,18.4313
2022-04-28,18.436
2022-04-27,18.4502
2022-04-26,18.4636
2022-04-21,18.5118
2022-04-20,18.4273
2022-04-19,18.4052
2022-04-18,18.3588
2022-04-17,18.3409
2022-04-14,18.3213
2022-04-13,18.3559
2022-04-12,18.4463
2022-04-11,18.3488
2022-04-10,18.2866
2022-04-07,18.279
2022-04-06,18.2378
2022-04-05,18.1995
2022-04-04,18.1968
2022-04-03,18.1914
2022-03-31,18.1991
2022-03-30,18.2147
2022-03-29,18.255
2022-03-28,18.2597
2022-03-27,18.2441
2022-03-24,18.2441
2022-03-23,18.3027
2022-03-22,18.4357
2022-03-21,18.1519
2022-03-20,15.6484
2022-03-17,15.6523
2022-03-16,15.6513
2022-03-15,15.6538
2022-03-14,15.6572
2022-03-13,15.6523
2022-03-10,15.6536
2022-03-09,15.652
2022-03-08,15.6546
2022-03-07,15.6526
2022-03-06,15.6531
2022-03-03,15.6541
2022-03-02,15.6508
2022-03-01,15.649
2022-02-28,15.6504
2022-02-27,15.6469
2022-02-24,15.6491
2022-02-23,15.651
2022-02-22,15.6507
2022-02-21,15.6534
2022-02-20,15.6485
2022-02-17,15.6559
2022-02-16,15.6491
2022-02-15,15.6497
2022-02-14,15.6489
2022-02-13,15.6482
2022-02-10,15.6492
2022-02-09,15.6522
2022-02-08,15.6476
2022-02-07,15.6486
2022-02-06,15.6468
2022-02-03,15.6503
2022-02-02,15.6493
2022-02-01,15.647
2022-01-31,15.6473
2022-01-30,15.6481
2022-01-26,15.6484
2022-01-25,15.6537
2022-01-24,15.6502
2022-01-23,15.6465
2022-01-20,15.6497
2022-01-19,15.6524
2022-01-18,15.6528
2022-01-17,15.6562
2022-01-16,15.6506
2022-01-13,15.6497
2022-01-12,15.6494
2022-01-11,15.6522
2022-01-10,15.6513
2022-01-09,15.6489
2022-01-05,15.6491
2022-01-04,15.6516
2022-01-03,15.6492
2022-01-02,15.6517
2021-12-30,15.6547
2021-12-29,15.655
2021-12-28,15.6513
2021-12-27,15.6521
2021-12-26,15.6508
2021-12-23,15.6497
2021-12-22,15.6499
2021-12-21,15.6506
2021-12-20,15.6539
2021-12-19,15.6497
2021-12-16,15.6519
2021-12-15,15.6531
2021-12-14,15.6513
2021-12-13,15.6526
2021-12-12,15.6489
2021-12-09,15.6498
2021-12-08,15.6523
2021-12-07,15.6532
2021-12-06,15.65
2021-12-05,15.6496
2021-12-02,15.6528
2021-12-01,15.6507
2021-11-30,15.6508
2021-11-29,15.6511
2021-11-28,15.65
2021-11-25,15.6509
2021-11-24,15.6643
2021-11-23,15.6585
2021-11-22,15.6542
2021-11-21,15.6506
2021-11-18,15.651
2021-11-17,15.6531
2021-11-16,15.6487
2021-11-15,15.6499
2021-11-14,15.6462
2021-11-11,15.6521
2021-11-10,15.6475
2021-11-09,15.647
2021-11-08,15.6473
2021-11-07,15.6462
2021-11-04,15.6468
2021-11-03,15.6451
2021-11-02,15.6451
2021-11-01,15.6447
2021-10-31,15.6457
2021-10-28,15.6534
2021-10-27,15.6519
2021-10-26,15.6528
2021-10-25,15.6472
2021-10-24,15.6459
2021-10-20,15.6491
2021-10-19,15.6463
2021-10-18,15.6478
2021-10-17,15.6466
2021-10-14,15.6503
2021-10-13,15.6461
2021-10-12,15.6506
2021-10-11,15.6473
2021-10-10,15.6428
2021-10-06,15.6458
2021-10-05,15.6461
2021-10-04,15.6439
2021-10-03,15.6474
2021-09-30,15.6485
2021-09-29,15.6508
2021-09-28,15.6464
2021-09-27,15.6483
2021-09-26,15.6459
2021-09-23,15.6468
2021-09-22,15.6494
2021-09-21,15.6493
2021-09-20,15.6455
2021-09-19,15.6461
2021-09-16,15.6471
2021-09-15,15.6494
2021-09-14,15.6447
2021-09-13,15.6453
2021-09-12,15.6442
2021-09-09,15.6444
2021-09-08,15.6476
2021-09-07,15.6519
2021-09-06,15.6395
2021-09-05,15.6351
2021-09-02,15.6365
2021-09-01,15.6354
2021-08-31,15.6339
2021-08-30,15.6394
2021-08-29,15.6366
2021-08-26,15.6395
2021-08-25,15.6372
2021-08-24,15.6386
2021-08-23,15.6382
2021-08-22,15.638
2021-08-19,15.6357
2021-08-18,15.6344
2021-08-17,15.6319
2021-08-16,15.6406
2021-08-15,15.636
2021-08-11,15.6373
2021-08-10,15.6388
2021-08-09,15.6343
2021-08-08,15.6399
2021-08-05,15.6393
2021-08-04,15.646
2021-08-03,15.6389
2021-08-02,15.6413
2021-08-01,15.6402
2021-07-29,15.642
2021-07-28,15.6427
2021-07-27,15.6291
2021-07-26,15.6287
2021-07-25,15.6284
2021-07-18,15.625
2021-07-15,15.6307
2021-07-14,15.6322
2021-07-13,15.6309
2021-07-12,15.629
2021-07-11,15.6301
2021-07-08,15.6281
2021-07-07,15.6311
2021-07-06,15.6318
2021-07-05,15.6189
2021-07-04,15.6169
2021-06-30,15.6176
2021-06-29,15.6123
2021-06-28,15.6134
2021-06-27,15.610900000000001
2021-06-24,15.6099
2021-06-23,15.6025
2021-06-22,15.5984
2021-06-21,15.6036
2021-06-20,15.5873
2021-06-17,15.5908
2021-06-16,15.5923
2021-06-15,15.5937
2021-06-14,15.5892
2021-06-13,15.5886
2021-06-10,15.5843
2021-06-09,15.6124
2021-06-08,15.6053
2021-06-07,15.6251
2021-06-06,15.6328
2021-06-03,15.6264
2021-06-02,15.6338
2021-06-01,15.6173
2021-05-31,15.6183
2021-05-30,15.6163
2021-05-27,15.6231
2021-05-26,15.6092
2021-05-25,15.6093
2021-05-24,15.6115
2021-05-23,15.6067
2021-05-20,15.6199
2021-05-19,15.6145
2021-05-18,15.62
2021-05-17,15.6199
2021-05-11,15.6182
2021-05-10,15.6099
2021-05-09,15.6032
2021-05-06,15.601
2021-05-05,15.6047
2021-05-04,15.6057
2021-04-28,15.6209
2021-04-27,15.6186
2021-04-26,15.6216
2021-04-25,15.6187
2021-04-22,15.6235
2021-04-21,15.6218
2021-04-20,15.6245
2021-04-19,15.6254
2021-04-18,15.613
2021-04-15,15.6087
2021-04-14,15.6311
2021-04-13,15.6289
2021-04-12,15.627
2021-04-11,15.6255
2021-04-08,15.6492
2021-04-07,15.6469
2021-04-06,15.6465
2021-04-05,15.647
2021-04-04,15.6447
2021-04-01,15.6451
2021-03-31,15.6454
2021-03-30,15.652
2021-03-29,15.6472
2021-03-28,15.6565
2021-03-25,15.6665
2021-03-24,15.6957
2021-03-23,15.6931
2021-03-22,15.6686
2021-03-21,15.6419
2021-03-18,15.6465
2021-03-17,15.6471
2021-03-16,15.6416
2021-03-15,15.6474
2021-03-14,15.6182
2021-03-11,15.6262
2021-03-10,15.6674
2021-03-09,15.6614
2021-03-08,15.6641
2021-03-07,15.6349
2021-03-04,15.6232
2021-03-03,15.6019
2021-03-02,15.6305
2021-03-01,15.662
2021-02-28,15.642
2021-02-25,15.6297
2021-02-24,15.6152
2021-02-23,15.6158
2021-02-22,15.6126
2021-02-21,15.5931
2021-02-18,15.5932
2021-02-17,15.5828
2021-02-16,15.5606
2021-02-15,15.5462
2021-02-14,15.5384
2021-02-11,15.5524
2021-02-10,15.5822
2021-02-09,15.5833
2021-02-08,15.5811
2021-02-07,15.5912
2021-02-04,15.6101
2021-02-03,15.6551
2021-02-02,15.6639
2021-02-01,15.6637
2021-01-31,15.6664
2021-01-27,15.6694
2021-01-26,15.6686
2021-01-25,15.6638
2021-01-24,15.6684
2021-01-21,15.6657
2021-01-20,15.6664
2021-01-19,15.6525
2021-01-18,15.6373
2021-01-17,15.6151
2021-01-14,15.6152
2021-01-13,15.6128
2021-01-12,15.6011
2021-01-11,15.5844
2021-01-10,15.5999
2021-01-06,15.6199
2021-01-05,15.6324
2021-01-04,15.6607
2021-01-03,15.6586
2020-12-31,15.6643
2020-12-30,15.6729
2020-12-29,15.6611
2020-12-28,15.6511
2020-12-27,15.6423
2020-12-24,15.6375
2020-12-23,15.6279
2020-12-22,15.6279
2020-12-21,15.5945
2020-12-20,15.5986
2020-12-17,15.6474
2020-12-16,15.6369
2020-12-15,15.6644
2020-12-14,15.6588
2020-12-13,15.6475
2020-12-10,15.6389
2020-12-09,15.6326
2020-12-08,15.6154
2020-12-07,15.6078
2020-12-06,15.6082
2020-12-03,15.6045
2020-12-02,15.6035
2020-12-01,15.5972
2020-11-30,15.5951
2020-11-29,15.6039
2020-11-26,15.5986
2020-11-25,15.5949
2020-11-24,15.5877
2020-11-23,15.5778
2020-11-22,15.5628
2020-11-19,15.5576
2020-11-18,15.5612
2020-11-17,15.5625
2020-11-16,15.5787
2020-11-15,15.5716
2020-11-12,15.5745
2020-11-11,15.5875
2020-11-10,15.5832
2020-11-09,15.5964
2020-11-08,15.6016
2020-11-05,15.6181
2020-11-04,15.6591
2020-11-03,15.6599
2020-11-02,15.6576
2020-11-01,15.6476
2020-10-28,15.6476
2020-10-27,15.6461
2020-10-26,15.6472
2020-10-25,15.6381
2020-10-22,15.6461
2020-10-21,15.6435
2020-10-20,15.6312
2020-10-19,15.6286
2020-10-18,15.6224
2020-10-15,15.6194
2020-10-14,15.6194
2020-10-13,15.6174
2020-10-12,15.6299
2020-10-11,15.6282
2020-10-07,15.6433
2020-10-06,15.6554
2020-10-05,15.6674
2020-10-04,15.6642
2020-10-01,15.6825
2020-09-30,15.7027
2020-09-29,15.6966
2020-09-28,15.6955
2020-09-27,15.6998
2020-09-24,15.6969
2020-09-23,15.6981
2020-09-22,15.6949
2020-09-21,15.6682
2020-09-20,15.6676
2020-09-17,15.6796
2020-09-16,15.6898
2020-09-15,15.6911
2020-09-14,15.6926
2020-09-13,15.6872
2020-09-10,15.6914
2020-09-09,15.7238
2020-09-08,15.7243
2020-09-07,15.7276
2020-09-06,15.7397
2020-09-03,15.7524
2020-09-02,15.783
2020-09-01,15.7974
2020-08-31,15.7922
2020-08-30,15.7936
2020-08-27,15.799
2020-08-26,15.8095
2020-08-25,15.8264
2020-08-24,15.8242
2020-08-23,15.8649
2020-08-19,15.8662
2020-08-18,15.8661
2020-08-17,15.863
2020-08-16,15.8582
2020-08-13,15.8627
2020-08-12,15.897
2020-08-11,15.9132
2020-08-10,15.9139
2020-08-09,15.9114
2020-08-06,15.9021
2020-08-05,15.9236
2020-08-04,15.9218
2020-07-29,15.9159
2020-07-28,15.918
2020-07-27,15.92
2020-07-26,15.9231
2020-07-22,15.9276
2020-07-21,15.9135
2020-07-20,15.9061
2020-07-19,15.9027
2020-07-16,15.9085
2020-07-15,15.9067
2020-07-14,15.8901
2020-07-13,15.8855
2020-07-12,15.9055
2020-07-09,15.9245
2020-07-08,15.9533
2020-07-07,15.9745
2020-07-06,15.9981
2020-07-05,16.0292
2020-06-30,16.0723
2020-06-29,16.0976
2020-06-28,16.1082
2020-06-25,16.1095
2020-06-24,16.111
2020-06-23,16.1035
2020-06-22,16.1159
2020-06-21,16.1123
2020-06-18,16.115
2020-06-17,16.1186
2020-06-16,16.1186
2020-06-15,16.1214
2020-06-14,16.1156
2020-06-11,16.1088
2020-06-10,16.1194
2020-06-09,16.1128
2020-06-08,16.125
2020-06-07,16.1542
2020-06-04,16.1382
2020-06-03,16.0169
2020-06-02,15.9177
2020-06-01,15.8682
2020-05-31,15.827
2020-05-21,15.7981
2020-05-20,15.7631
2020-05-19,15.7294
2020-05-18,15.7281
2020-05-17,15.6893
2020-05-14,15.6922
2020-05-13,15.6924
2020-05-12,15.688
2020-05-11,15.6901
2020-05-10,15.6877
2020-05-07,15.6907
2020-05-06,15.6911
2020-05-05,15.69
2020-05-04,15.6907
2020-05-03,15.6904
2020-04-30,15.6899
2020-04-29,15.6906
2020-04-28,15.6904
2020-04-27,15.6903
2020-04-26,15.6912
2020-04-23,15.6891
2020-04-22,15.691
2020-04-21,15.6913
2020-04-16,15.6893
2020-04-15,15.6893
2020-04-14,15.6893
2020-04-13,15.6883
2020-04-12,15.6889
2020-04-09,15.6883
2020-04-08,15.691
2020-04-07,15.687
2020-04-06,15.6883
2020-04-05,15.6875
2020-04-02,15.6884
2020-04-01,15.687
2020-03-31,15.6883
2020-03-30,15.6878
2020-03-29,15.6889
2020-03-26,15.6881
2020-03-25,15.6885
2020-03-24,15.6876
2020-03-23,15.6859
2020-03-22,15.6884
2020-03-19,15.6914
2020-03-18,15.6876
2020-03-17,15.689
2020-03-16,15.6913
2020-03-15,15.6895
2020-03-11,15.6603
2020-03-10,15.6654
2020-03-09,15.6543
2020-03-08,15.5865
2020-03-05,15.5647
2020-03-04,15.5834
2020-03-03,15.5893
2020-03-02,15.5856
2020-03-01,15.5713
2020-02-27,15.5525
2020-02-26,15.5364
2020-02-25,15.5223
2020-02-24,15.4957
2020-02-23,15.4784
2020-02-20,15.4994
2020-02-19,15.5407
2020-02-18,15.5629
2020-02-17,15.5847
2020-02-16,15.5864
2020-02-13,15.6327
2020-02-12,15.6516
2020-02-11,15.6509
2020-02-10,15.6588
2020-02-09,15.6865
2020-02-06,15.7021
2020-02-05,15.7232
2020-02-04,15.7378
2020-02-03,15.7487
2020-02-02,15.7354
2020-01-30,15.7474
2020-01-29,15.7358
2020-01-28,15.7402
2020-01-27,15.7228
2020-01-26,15.7172
2020-01-23,15.7306
2020-01-22,15.7384
2020-01-21,15.7258
2020-01-20,15.7255
2020-01-19,15.7528
2020-01-16,15.7614
2020-01-15,15.7932
2020-01-14,15.817
2020-01-13,15.8484
2020-01-12,15.8778
2020-01-09,15.9186
2020-01-08,15.9976
2020-01-06,15.9946
2020-01-05,15.9862
2020-01-02,15.9735
2019-12-31,15.977
2019-12-30,15.982
2019-12-29,15.985900000000001
2019-12-26,15.9812
2019-12-25,15.9862
2019-12-24,15.9938
2019-12-23,15.9808
2019-12-22,15.9763
2019-12-19,15.9704
2019-12-18,15.9836
2019-12-17,15.9683
2019-12-16,15.9738
2019-12-15,16.0326
2019-12-12,16.0784
2019-12-11,16.0852
2019-12-10,16.0761
2019-12-09,16.0828
2019-12-08,16.0701
2019-12-05,16.0703
2019-12-04,16.0687
2019-12-03,16.0656
2019-12-02,16.0645
2019-12-01,16.0605
2019-11-28,16.0607
2019-11-27,16.0574
2019-11-26,16.0621
2019-11-25,16.0702
2019-11-24,16.0572
2019-11-21,16.0548
2019-11-20,16.048
2019-11-19,16.034300000000002
2019-11-18,16.0605
2019-11-17,16.0531
2019-11-14,16.0528
2019-11-13,16.0722
2019-11-12,16.087
2019-11-11,16.0842
2019-11-07,16.0871
2019-11-06,16.0785
2019-11-05,16.0714
2019-11-04,16.0766
2019-11-03,16.0671
2019-10-31,16.0769
2019-10-30,16.0859
2019-10-29,16.0761
2019-10-28,16.0667
2019-10-27,16.0707
2019-10-24,16.0732
2019-10-23,16.1203
2019-10-22,16.1369
2019-10-21,16.1464
2019-10-20,16.1606
2019-10-17,16.1726
2019-10-16,16.1577
2019-10-15,16.1657
2019-10-14,16.1874
2019-10-13,16.1942
2019-10-10,16.2117
2019-10-09,16.2331
2019-10-08,16.2462
2019-10-07,16.2421
2019-10-03,16.2383
2019-10-02,16.2295
2019-10-01,16.2082
2019-09-30,16.2073
2019-09-29,16.1989
2019-09-26,16.2578
2019-09-25,16.2549
2019-09-24,16.2451
2019-09-23,16.2418
2019-09-22,16.2228
2019-09-19,16.229
2019-09-18,16.2625
2019-09-17,16.28
2019-09-16,16.2987
2019-09-15,16.3191
2019-09-12,16.3545
2019-09-11,16.3802
2019-09-10,16.386
2019-09-09,16.4118
2019-09-08,16.4109
2019-09-05,16.4236
2019-09-04,16.4655
2019-09-03,16.4997
2019-09-02,16.5028
2019-09-01,16.4995
2019-08-29,16.4969
2019-08-28,16.4944
2019-08-27,16.4956
2019-08-26,16.4785
2019-08-25,16.5061
2019-08-22,16.5357
2019-08-21,16.5333
2019-08-20,16.5368
2019-08-19,16.528
2019-08-18,16.5349
2019-08-15,16.5305
2019-08-14,16.5209
2019-08-08,16.5032
2019-08-07,16.4889
2019-08-06,16.493
2019-08-05,16.4854
2019-08-04,16.4778
2019-08-01,16.4982
2019-07-31,16.4995
2019-07-30,16.5016
2019-07-29,16.5192
2019-07-28,16.5226
2019-07-25,16.525
2019-07-24,16.5397
2019-07-22,16.562
2019-07-21,16.553
2019-07-18,16.5587
2019-07-17,16.5537
2019-07-16,16.5449
2019-07-15,16.545
2019-07-14,16.5416
2019-07-11,16.5526
2019-07-10,16.5511
2019-07-09,16.5446
2019-07-08,16.5435
2019-07-07,16.5461
2019-07-04,16.5478
2019-07-03,16.5509
2019-07-02,16.5668
2019-06-27,16.6411
2019-06-26,16.6415
2019-06-25,16.641
2019-06-24,16.6355
2019-06-23,16.6294
2019-06-20,16.6292
2019-06-19,16.6741
2019-06-18,16.6989
2019-06-17,16.6882
2019-06-16,16.6865
2019-06-13,16.6883
2019-06-12,16.6765
2019-06-11,16.6806
2019-06-10,16.6786
2019-06-09,16.6995
2019-06-03,16.6991
2019-06-02,16.7069
2019-05-30,16.7468
2019-05-29,16.763
2019-05-28,16.7623
2019-05-27,16.7676
2019-05-26,16.7958
2019-05-23,16.8124
2019-05-22,16.9321
2019-05-21,16.9601
2019-05-20,16.9609
2019-05-19,16.9756
2019-05-16,16.9797
2019-05-15,17.0158
2019-05-14,17.0114
2019-05-13,17.0141
2019-05-12,17.0624
2019-05-09,17.0639
2019-05-08,17.0957
2019-05-07,17.0926
2019-05-06,17.0934
2019-05-05,17.1041
2019-05-02,17.1072
2019-04-30,17.1062
2019-04-24,17.1096
2019-04-23,17.1047
2019-04-22,17.1004
2019-04-21,17.1049
2019-04-18,17.1258
2019-04-17,17.2003
2019-04-16,17.2574
2019-04-15,17.2516
2019-04-14,17.2445
2019-04-11,17.2635
2019-04-10,17.2629
2019-04-09,17.258
2019-04-08,17.261
2019-04-07,17.2564
2019-04-04,17.2603
2019-04-03,17.2601
2019-04-02,17.2594
2019-04-01,17.2584
2019-03-31,17.254
2019-03-28,17.2544
2019-03-27,17.2544
2019-03-26,17.2402
2019-03-25,17.2272
2019-03-24,17.2174
2019-03-21,17.227
2019-03-20,17.2264
2019-03-19,17.23
2019-03-18,17.2642
2019-03-17,17.3207
2019-03-14,17.3297
2019-03-13,17.3545
2019-03-12,17.3707
2019-03-11,17.3704
2019-03-10,17.3743
2019-03-07,17.3849
2019-03-06,17.4216
2019-03-05,17.4239
2019-03-04,17.4546
2019-03-03,17.4632
2019-02-28,17.4696
2019-02-27,17.4693
2019-02-26,17.4643
2019-02-25,17.4599
2019-02-24,17.4708
2019-02-21,17.4731
2019-02-20,17.5058
2019-02-19,17.4983
2019-02-18,17.4962
2019-02-17,17.483
2019-02-14,17.4855
2019-02-13,17.5429
2019-02-12,17.5493
2019-02-11,17.5456
2019-02-10,17.5444
2019-02-07,17.5459
2019-02-06,17.5403
2019-02-05,17.5603
2019-02-04,17.6031
2019-02-03,17.5976
2019-01-31,17.593
2019-01-30,17.5734
2019-01-29,17.5636
2019-01-28,17.5592
2019-01-27,17.6303
2019-01-23,17.8553
2019-01-22,17.8613
2019-01-21,17.8612
2019-01-20,17.8618
2019-01-17,17.8624
2019-01-16,17.8572
2019-01-15,17.8618
2019-01-14,17.8603
2019-01-13,17.8593
2019-01-10,17.8614
2019-01-09,17.8597
2019-01-08,17.8619
2019-01-06,17.8545
2019-01-03,17.8531
2019-01-02,17.8539
2018-12-31,17.8534
2018-12-30,17.8588
2018-12-27,17.8543
2018-12-26,17.8549
2018-12-25,17.857
2018-12-24,17.8561
2018-12-23,17.8605
2018-12-20,17.8546
2018-12-19,17.851
2018-12-18,17.8485
2018-12-17,17.858
2018-12-16,17.8552
2018-12-13,17.8512
2018-12-12,17.8554
2018-12-11,17.8492
2018-12-10,17.8549
2018-12-09,17.8508
2018-12-06,17.8572
2018-12-05,17.8542
2018-12-04,17.8582
2018-12-03,17.8514
2018-12-02,17.8511
2018-11-29,17.8499
2018-11-28,17.8636
2018-11-27,17.859
2018-11-26,17.8628
2018-11-25,17.8583
2018-11-22,17.8564
2018-11-21,17.8578
2018-11-19,17.8564
2018-11-18,17.849
2018-11-15,17.858
2018-11-14,17.8637
2018-11-13,17.8555
2018-11-12,17.8568
2018-11-11,17.846800000000002
2018-11-08,17.851
2018-11-07,17.8531
2018-11-06,17.8511
2018-11-05,17.8561
2018-11-04,17.849
2018-11-01,17.8427
2018-10-31,17.845
2018-10-30,17.845
2018-10-29,17.8609
2018-10-28,17.8519
2018-10-25,17.8569
2018-10-24,17.862
2018-10-23,17.8616
2018-10-22,17.8594
2018-10-21,17.8478
2018-10-18,17.8481
2018-10-17,17.8465
2018-10-16,17.8568
2018-10-15,17.8503
2018-10-14,17.8504
2018-10-11,17.8483
2018-10-10,17.8505
2018-10-09,17.8495
2018-10-08,17.8444
2018-10-04,17.8524
2018-10-03,17.8543
2018-10-02,17.8521
2018-10-01,17.843
2018-09-30,17.8562
2018-09-27,17.8575
2018-09-26,17.8555
2018-09-25,17.8505
2018-09-24,17.8464
2018-09-23,17.8663
2018-09-20,17.851
2018-09-19,17.8523
2018-09-18,17.8427
2018-09-17,17.854
2018-09-16,17.8569
2018-09-13,17.8482
2018-09-12,17.852
2018-09-10,17.8489
2018-09-09,17.8464
2018-09-06,17.8533
2018-09-05,17.8447
2018-09-04,17.8477
2018-09-03,17.8414
2018-09-02,17.8405
2018-08-30,17.8409
2018-08-29,17.8409
2018-08-28,17.8439
2018-08-27,17.8343
2018-08-26,17.8253
2018-08-19,17.8249
2018-08-16,17.8358
2018-08-15,17.8405
2018-08-14,17.8369
2018-08-13,17.819
2018-08-12,17.8125
2018-08-09,17.8055
2018-08-08,17.8032
2018-08-07,17.8108
2018-08-06,17.8078
2018-08-05,17.802
2018-08-02,17.8047
2018-08-01,17.8007
2018-07-31,17.8062
2018-07-30,17.8247
2018-07-29,17.8293
2018-07-26,17.8247
2018-07-25,17.8268
2018-07-24,17.8256
2018-07-22,17.8253
2018-07-19,17.8251
2018-07-18,17.824
2018-07-17,17.8233
2018-07-16,17.823
2018-07-15,17.8239
2018-07-12,17.8231
2018-07-11,17.8209
2018-07-10,17.8242
2018-07-09,17.8313
2018-07-08,17.8223
2018-07-05,17.8174
2018-07-04,17.813
2018-07-03,17.83
2018-07-02,17.8335
